id,"lettre",club,division
1,"A",2019,7034
2,"B",2019,7053
3,"A",1830,1006
4,"B",1830,44
5,"C",1830,41
6,"D",1830,47
7,"E",1830,42
8,"F",1830,48
9,"G",1830,54
10,"H",1830,52
11,"I",1830,56
12,"J",1830,57
13,"K",1830,58
14,"L",1830,62
15,"M",1830,65
16,"N",1830,65
17,"A",1831,1003
18,"B",1831,2502
19,"C",1831,2501
20,"D",1831,54
21,"E",1831,59
22,"F",1831,58
23,"G",1831,64
24,"A",1832,2004
25,"B",1832,44
26,"C",1832,42
27,"D",1832,47
28,"E",1832,46
29,"F",1832,48
30,"G",1832,52
31,"H",1832,55
32,"I",1832,54
33,"J",1832,61
34,"K",1832,63
35,"A",1833,1006
36,"B",1833,2002
37,"C",1833,44
38,"D",1833,41
39,"E",1833,46
40,"F",1833,47
41,"G",1833,50
42,"H",1833,51
43,"I",1833,52
44,"J",1833,55
45,"K",1833,54
46,"L",1833,57
47,"M",1833,56
48,"N",1833,62
49,"O",1833,65
50,"R",1833,65
51,"Q",1833,63
52,"P",1833,65
53,"A",1834,2002
54,"B",1834,41
55,"C",1834,44
56,"D",1834,47
57,"E",1834,46
58,"F",1834,51
59,"G",1834,49
60,"H",1834,53
61,"I",1834,52
62,"J",1834,60
63,"K",1834,57
64,"L",1834,63
65,"M",1834,62
66,"A",1835,47
67,"B",1835,51
68,"C",1835,59
69,"D",1835,65
70,"A",1836,58
71,"B",1836,61
72,"A",1837,41
73,"B",1837,47
74,"C",1837,49
75,"D",1837,51
76,"E",1837,48
77,"F",1837,55
78,"G",1837,56
79,"H",1837,59
80,"I",1837,57
81,"J",1837,60
82,"K",1837,61
83,"L",1837,64
84,"A",1838,44
85,"B",1838,46
86,"C",1838,42
87,"D",1838,51
88,"E",1838,55
89,"F",1838,54
90,"G",1838,52
91,"H",1838,53
92,"I",1838,58
93,"J",1838,61
94,"A",1839,1001
95,"B",1839,1002
96,"C",1839,1004
97,"D",1839,2001
98,"E",1839,2005
99,"F",1839,41
100,"G",1839,44
101,"H",1839,42
102,"I",1839,47
103,"J",1839,46
104,"K",1839,49
105,"L",1839,51
106,"M",1839,48
107,"N",1839,54
108,"O",1839,53
109,"P",1839,52
110,"Q",1839,55
111,"R",1839,60
112,"S",1839,59
113,"T",1839,58
114,"U",1839,65
115,"V",1839,65
116,"W",1839,65
117,"X",1839,65
118,"Y",1839,61
119,"A",1840,2501
120,"B",1840,42
121,"C",1840,50
122,"D",1840,51
123,"E",1840,53
124,"F",1840,52
125,"G",1840,56
126,"A",1841,1002
127,"B",1841,1005
128,"C",1841,2003
129,"D",1841,2001
130,"E",1841,44
131,"F",1841,41
132,"G",1841,47
133,"H",1841,42
134,"I",1841,48
135,"J",1841,49
136,"K",1841,50
137,"L",1841,52
138,"M",1841,54
139,"N",1841,53
140,"O",1841,60
141,"P",1841,57
142,"Q",1841,57
143,"R",1841,56
144,"S",1841,62
145,"T",1841,64
146,"U",1841,61
147,"V",1841,65
148,"W",1841,63
149,"A",1842,54
150,"A",1843,44
151,"B",1843,42
152,"C",1843,50
153,"D",1843,48
154,"E",1843,56
155,"F",1843,60
156,"G",1843,61
157,"A",1844,49
158,"B",1844,54
159,"A",1845,48
160,"B",1845,49
161,"C",1845,50
162,"D",1845,53
163,"E",1845,63
164,"A",1846,41
165,"B",1846,46
166,"C",1846,51
167,"D",1846,49
168,"E",1846,53
169,"F",1846,58
170,"G",1846,56
171,"H",1846,62
172,"A",1847,47
173,"B",1847,50
174,"C",1847,49
175,"D",1847,54
176,"E",1847,62
177,"A",1848,51
178,"B",1848,53
179,"C",1848,64
180,"A",1849,42
181,"B",1849,50
182,"C",1849,55
183,"A",1850,1003
184,"B",1850,41
185,"C",1850,44
186,"D",1850,46
187,"E",1850,49
188,"F",1850,48
189,"G",1850,55
190,"H",1850,56
191,"I",1850,60
192,"J",1850,58
193,"K",1850,59
194,"L",1850,61
195,"A",1851,51
196,"B",1851,54
197,"C",1851,53
198,"D",1851,55
199,"E",1851,59
200,"F",1851,61
201,"A",1852,41
202,"B",1852,44
203,"C",1852,46
204,"D",1852,47
205,"E",1852,48
206,"F",1852,55
207,"G",1852,57
208,"H",1852,59
209,"I",1852,64
210,"J",1852,62
211,"A",1853,47
212,"B",1853,50
213,"C",1853,55
214,"D",1853,60
215,"E",1853,57
216,"F",1853,59
217,"A",1854,41
218,"B",1854,42
219,"C",1854,49
220,"D",1854,48
221,"E",1854,52
222,"F",1854,57
223,"G",1854,61
224,"H",1854,63
225,"I",1854,64
226,"A",1855,2005
227,"B",1855,44
228,"C",1855,41
229,"D",1855,42
230,"E",1855,46
231,"F",1855,48
232,"G",1855,51
233,"H",1855,53
234,"I",1855,58
235,"J",1855,64
236,"A",1856,49
237,"B",1856,51
238,"C",1856,52
239,"D",1856,59
240,"E",1856,56
241,"A",1857,44
242,"B",1857,42
243,"C",1857,46
244,"D",1857,50
245,"E",1857,52
246,"F",1857,56
247,"G",1857,63
248,"A",1858,50
249,"B",1858,53
250,"C",1858,60
251,"D",1858,64
252,"A",1859,42
253,"B",1859,47
254,"C",1859,62
255,"D",1859,64
256,"A",1860,50
257,"B",1860,52
258,"C",1860,59
259,"D",1860,58
260,"E",1860,62
261,"F",1860,63
262,"A",1861,46
263,"B",1861,55
264,"C",1861,60
265,"A",1862,58
266,"B",1862,57
267,"A",1864,50
268,"B",1864,53
269,"C",1864,54
270,"D",1864,55
271,"E",1864,60
272,"F",1864,63
273,"A",1865,1002
274,"B",1865,2001
275,"C",1865,1002
276,"D",1865,1006
277,"E",1865,1005
278,"F",1865,1004
279,"G",1865,7012
280,"H",1865,7014
281,"I",1865,7022
282,"J",1865,7024
283,"K",1865,7038
284,"L",1865,7037
285,"N",1865,7057
286,"M",1865,7055
287,"O",1865,7055
288,"A",1866,7020
289,"B",1866,7036
290,"C",1866,7035
291,"D",1866,7052
292,"A",1867,1002
293,"B",1867,1002
294,"C",1867,7014
295,"D",1867,7024
296,"E",1867,7023
297,"F",1867,7022
298,"G",1867,7037
299,"H",1867,7039
300,"I",1867,7057
301,"A",1868,2003
302,"B",1868,1002
303,"C",1868,1004
304,"D",1868,1005
305,"E",1868,7011
306,"F",1868,7010
307,"G",1868,7009
308,"K",1868,7022
309,"L",1868,7021
310,"J",1868,7020
311,"M",1868,7034
312,"N",1868,7035
313,"Q",1868,7050
314,"H",1868,7022
315,"I",1868,7021
316,"O",1868,7034
317,"P",1868,7035
318,"A",1869,2005
319,"B",1869,1003
320,"D",1869,7015
321,"C",1869,7016
322,"F",1869,7027
323,"G",1869,7028
324,"K",1869,7042
325,"L",1869,7043
326,"J",1869,7044
327,"H",1869,7042
328,"I",1869,7043
329,"E",1869,7016
330,"M",1869,7044
331,"N",1869,7042
332,"O",1869,7043
333,"A",1870,1001
334,"B",1870,1006
335,"C",1870,1005
336,"D",1870,1004
337,"E",1870,7012
338,"F",1870,7022
339,"G",1870,7021
340,"I",1870,7037
341,"H",1870,7035
342,"M",1870,7054
343,"N",1870,7053
344,"J",1870,7035
345,"K",1870,7054
346,"L",1870,7053
347,"A",1871,2005
348,"B",1871,1002
349,"C",1871,7007
350,"D",1871,7017
351,"F",1871,7032
352,"E",1871,7031
353,"K",1871,7046
354,"L",1871,7047
355,"J",1871,7045
356,"G",1871,7031
357,"H",1871,7046
358,"I",1871,7047
359,"A",1872,1005
360,"B",1872,7010
361,"C",1872,7021
362,"D",1872,7020
363,"E",1872,7034
364,"F",1872,7033
365,"I",1872,7050
366,"G",1872,7051
367,"H",1872,7052
368,"J",1872,7051
369,"K",1872,7052
370,"A",1873,1003
371,"B",1873,7007
372,"C",1873,7015
373,"D",1873,7016
374,"E",1873,7028
375,"F",1873,7027
376,"J",1873,7042
377,"K",1873,7043
378,"L",1873,7044
379,"G",1873,7042
380,"H",1873,7043
381,"I",1873,7044
382,"A",1874,1006
383,"B",1874,1005
384,"C",1874,1002
385,"D",1874,1005
386,"E",1874,7012
387,"F",1874,7011
388,"G",1874,7026
389,"H",1874,7025
390,"I",1874,7040
391,"J",1874,7058
392,"K",1874,7059
393,"A",1875,2004
394,"B",1875,1006
395,"C",1875,1005
396,"D",1875,7014
397,"E",1875,7024
398,"F",1875,7039
399,"G",1875,7038
400,"H",1875,7056
401,"I",1875,7055
402,"A",1876,7011
403,"B",1876,7020
404,"D",1876,7035
405,"C",1876,7036
406,"F",1876,7053
407,"G",1876,7052
408,"E",1876,7036
409,"A",1877,7011
410,"B",1877,7035
411,"A",1878,1006
412,"B",1878,7011
413,"C",1878,7020
414,"D",1878,7021
415,"E",1878,7035
416,"F",1878,7052
417,"G",1878,7053
418,"A",1879,2001
419,"B",1879,1002
420,"C",1879,1004
421,"D",1879,1006
422,"E",1879,1005
423,"F",1879,7013
424,"G",1879,7011
425,"H",1879,7012
426,"K",1879,7025
427,"J",1879,7026
428,"Q",1879,7037
429,"N",1879,7040
430,"O",1879,7038
431,"L",1879,7036
432,"R",1879,7041
433,"U",1879,7054
434,"V",1879,7053
435,"I",1879,7025
436,"M",1879,7037
437,"P",1879,7036
438,"S",1879,7054
439,"T",1879,7053
440,"A",1880,2002
441,"B",1880,1006
442,"C",1880,7014
443,"D",1880,7024
444,"E",1880,7023
445,"F",1880,7039
446,"A",1881,2003
447,"B",1881,7014
448,"C",1881,7012
449,"D",1881,7024
450,"E",1881,7039
451,"F",1881,7037
452,"G",1881,7038
453,"H",1881,7056
454,"I",1881,7055
455,"J",1881,7057
456,"A",1882,7013
457,"B",1882,7041
458,"C",1882,7040
459,"D",1882,7059
460,"A",1883,7025
461,"B",1883,7040
462,"C",1883,7041
463,"D",1883,7058
464,"A",1884,7039
465,"A",1885,7014
466,"B",1885,7024
467,"C",1885,7038
468,"D",1885,7039
469,"E",1885,7056
470,"F",1885,7055
471,"A",1886,1006
472,"B",1886,7011
473,"C",1886,7021
474,"E",1886,7035
475,"D",1886,7034
476,"G",1886,7052
477,"H",1886,7051
478,"I",1886,7053
479,"F",1886,7034
480,"A",1887,1003
481,"B",1887,2001
482,"C",1887,1003
483,"D",1887,7012
484,"E",1887,7021
485,"F",1887,7022
486,"G",1887,7036
487,"H",1887,7035
488,"I",1887,7052
489,"A",1888,1002
490,"B",1888,1006
491,"C",1888,7011
492,"D",1888,7024
493,"E",1888,7038
494,"F",1888,7056
495,"A",1889,1001
496,"B",1889,2501
497,"C",1889,1005
498,"D",1889,7011
499,"E",1889,7012
500,"F",1889,7008
501,"G",1889,7009
502,"H",1889,7010
503,"L",1889,7019
504,"J",1889,7018
505,"K",1889,7020
506,"N",1889,7033
507,"M",1889,7032
508,"P",1889,7034
509,"Q",1889,7050
510,"S",1889,7049
511,"T",1889,7048
512,"R",1889,7051
513,"I",1889,7019
514,"O",1889,7032
515,"U",1889,7051
516,"A",1890,7011
517,"B",1890,7014
518,"C",1890,7023
519,"D",1890,7024
520,"E",1890,7038
521,"F",1890,7039
522,"G",1890,7057
523,"A",1891,1004
524,"B",1891,1003
525,"C",1891,2501
526,"D",1891,7010
527,"E",1891,7009
528,"F",1891,7019
529,"G",1891,7020
530,"H",1891,7036
531,"I",1891,7037
532,"J",1891,7051
533,"K",1891,7049
534,"L",1891,7050
535,"A",1892,1005
536,"B",1892,1004
537,"C",1892,7007
538,"D",1892,7017
539,"G",1892,7030
540,"F",1892,7029
541,"J",1892,7045
542,"I",1892,7046
543,"K",1892,7047
544,"E",1892,7030
545,"H",1892,7045
546,"A",1893,2502
547,"B",1893,7025
548,"C",1893,7026
549,"E",1893,7059
550,"D",1893,7058
551,"F",1893,7058
552,"A",1894,1001
553,"B",1894,7013
554,"C",1894,7023
555,"D",1894,7026
556,"E",1894,7036
557,"G",1894,7054
558,"H",1894,7053
559,"F",1894,7036
560,"A",1895,1005
561,"B",1895,7008
562,"C",1895,7030
563,"D",1895,7029
564,"E",1895,7046
565,"A",1896,2004
566,"B",1896,1006
567,"C",1896,7014
568,"D",1896,7013
569,"G",1896,7023
570,"F",1896,7022
571,"H",1896,7037
572,"K",1896,7051
573,"L",1896,7054
574,"I",1896,7053
575,"J",1896,7052
576,"E",1896,7023
577,"M",1896,7053
578,"N",1896,7052
579,"A",1897,1005
580,"B",1897,7012
581,"C",1897,7013
582,"D",1897,7025
583,"E",1897,7026
584,"F",1897,7041
585,"G",1897,7059
586,"H",1897,7058
587,"A",1898,1004
588,"B",1898,7007
589,"C",1898,7008
590,"D",1898,7030
591,"E",1898,7045
592,"A",1899,7008
593,"B",1899,7031
594,"C",1899,7032
595,"D",1899,7049
596,"E",1899,7048
597,"A",1900,1002
598,"B",1900,7014
599,"C",1900,7023
600,"F",1900,7037
601,"E",1900,7036
602,"H",1900,7038
603,"J",1900,7056
604,"I",1900,7054
605,"D",1900,7023
606,"G",1900,7036
607,"K",1900,7054
608,"A",1901,7025
609,"B",1901,7041
610,"C",1901,7058
611,"A",1902,7014
612,"B",1902,7013
613,"C",1902,7025
614,"D",1902,7026
615,"E",1902,7040
616,"F",1902,7041
617,"G",1902,7040
618,"H",1902,7058
619,"I",1902,7059
620,"J",1902,7052
621,"K",1902,7058
622,"L",1902,7059
623,"A",1903,7008
624,"B",1903,7009
625,"C",1903,7019
626,"E",1903,7031
627,"D",1903,7032
628,"G",1903,7047
629,"F",1903,7032
630,"A",1904,2002
631,"B",1904,1004
632,"C",1904,7009
633,"D",1904,7012
634,"E",1904,7011
635,"F",1904,7010
636,"G",1904,7019
637,"H",1904,7017
638,"I",1904,7018
639,"K",1904,7032
640,"J",1904,7031
641,"M",1904,7033
642,"P",1904,7047
643,"N",1904,7048
644,"O",1904,7049
645,"L",1904,7031
646,"Q",1904,7048
647,"R",1904,7049
648,"A",1905,7013
649,"B",1905,7012
650,"E",1905,7026
651,"D",1905,7025
652,"F",1905,7041
653,"G",1905,7040
654,"H",1905,7059
655,"I",1905,7058
656,"C",1905,7026
657,"A",1906,7013
658,"B",1906,7026
659,"C",1906,7025
660,"F",1906,7040
661,"E",1906,7041
662,"G",1906,7059
663,"D",1906,7040
664,"A",1907,1006
665,"B",1907,1001
666,"C",1907,1003
667,"D",1907,7016
668,"E",1907,7015
669,"F",1907,7028
670,"G",1907,7027
671,"H",1907,7042
672,"I",1907,7043
673,"A",1908,7022
674,"B",1908,7021
675,"C",1908,7023
676,"D",1908,7037
677,"E",1908,7052
678,"F",1908,7051
679,"G",1908,7053
680,"A",1909,1003
681,"B",1909,1001
682,"C",1909,1004
683,"D",1909,1003
684,"E",1909,7017
685,"F",1909,7016
686,"G",1909,7018
687,"K",1909,7029
688,"L",1909,7030
689,"J",1909,7031
690,"M",1909,7046
691,"N",1909,7045
692,"H",1909,7029
693,"I",1909,7030
694,"A",1910,1002
695,"B",1910,7013
696,"C",1910,7014
697,"D",1910,7024
698,"G",1910,7039
699,"F",1910,7038
700,"H",1910,7037
701,"K",1910,7057
702,"I",1910,7055
703,"N",1910,7054
704,"L",1910,7056
705,"E",1910,7039
706,"J",1910,7057
707,"M",1910,7055
708,"O",1910,7056
709,"A",1911,2003
710,"B",1911,1003
711,"C",1911,7018
712,"D",1911,7032
713,"E",1911,7031
714,"F",1911,7048
715,"A",1912,1004
716,"B",1912,1005
717,"C",1912,1001
718,"D",1912,1003
719,"E",1912,7007
720,"F",1912,7009
721,"G",1912,7008
722,"H",1912,7015
723,"I",1912,7030
724,"J",1912,7029
725,"K",1912,7046
726,"L",1912,7047
727,"M",1912,7045
728,"N",1912,7046
729,"A",1913,7007
730,"B",1913,7030
731,"A",1914,1005
732,"B",1914,1004
733,"C",1914,7010
734,"D",1914,7019
735,"E",1914,7020
736,"F",1914,7033
737,"G",1914,7034
738,"H",1914,7048
739,"A",1915,1001
740,"B",1915,2002
741,"C",1915,1001
742,"D",1915,1003
743,"E",1915,7008
744,"F",1915,7015
745,"G",1915,7016
746,"H",1915,7029
747,"I",1915,7028
748,"J",1915,7027
749,"K",1915,7043
750,"L",1915,7042
751,"M",1915,7044
752,"A",1916,7023
753,"B",1916,7038
754,"C",1916,7057
755,"D",1916,7055
756,"E",1916,7056
757,"A",1917,1003
758,"B",1917,2004
759,"C",1917,1001
760,"D",1917,1002
761,"E",1917,1006
762,"F",1917,7010
763,"G",1917,7014
764,"H",1917,7012
765,"I",1917,7013
766,"N",1917,7023
767,"O",1917,7024
768,"L",1917,7021
769,"M",1917,7022
770,"Q",1917,7037
771,"P",1917,7038
772,"S",1917,7039
773,"T",1917,7057
774,"V",1917,7056
775,"J",1917,7023
776,"K",1917,7024
777,"R",1917,7038
778,"U",1917,7057
779,"A",1918,2001
780,"B",1918,1004
781,"C",1918,7015
782,"D",1918,7016
783,"E",1918,7027
784,"F",1918,7044
785,"A",1919,7009
786,"B",1919,7018
787,"C",1919,7020
788,"E",1919,7034
789,"D",1919,7033
790,"G",1919,7032
791,"H",1919,7050
792,"I",1919,7049
793,"J",1919,7048
794,"F",1919,7033
795,"A",1920,7009
796,"B",1920,7010
797,"C",1920,7017
798,"D",1920,7032
799,"E",1920,7031
800,"F",1920,7047
801,"G",1920,7048
802,"A",1921,1001
803,"B",1921,7009
804,"C",1921,7007
805,"F",1921,7017
806,"D",1921,7019
807,"E",1921,7018
808,"J",1921,7029
809,"K",1921,7047
810,"N",1921,7045
811,"M",1921,7046
812,"G",1921,7019
813,"H",1921,7018
814,"I",1921,7029
815,"L",1921,7045
816,"A",1922,7008
817,"B",1922,7017
818,"C",1922,7029
819,"D",1922,7030
820,"E",1922,7046
821,"F",1922,7047
822,"A",1923,7007
823,"B",1923,7016
824,"C",1923,7027
825,"D",1923,7028
826,"A",1924,7013
827,"B",1924,7012
828,"C",1924,7025
829,"D",1924,7026
830,"E",1924,7041
831,"F",1924,7040
832,"G",1924,7058
833,"H",1924,7059
834,"A",1925,7057
835,"A",1926,7024
836,"B",1926,7056
837,"C",1926,7057
838,"D",1926,7055
839,"A",1927,1002
840,"B",1927,1006
841,"C",1927,7039
842,"D",1927,7055
843,"E",1927,7056
844,"F",1927,7057
845,"A",1928,7018
846,"B",1928,7019
847,"C",1928,7017
848,"D",1928,7030
849,"E",1928,7045
850,"F",1928,7047
851,"G",1928,7046
852,"A",1929,1001
853,"B",1929,2004
854,"C",1929,1001
855,"D",1929,7008
856,"E",1929,7010
857,"F",1929,7009
858,"G",1929,7017
859,"H",1929,7019
860,"I",1929,7018
861,"J",1929,7033
862,"K",1929,7034
863,"L",1929,7049
864,"M",1929,7048
865,"A",1930,1001
866,"B",1930,7007
867,"C",1930,7008
868,"D",1930,7015
869,"E",1930,7027
870,"F",1930,7028
871,"H",1930,7043
872,"G",1930,7044
873,"I",1930,7044
874,"A",1931,7015
875,"B",1931,7016
876,"C",1931,7030
877,"A",1932,1001
878,"B",1932,1003
879,"C",1932,1004
880,"D",1932,7007
881,"E",1932,7009
882,"F",1932,7008
883,"G",1932,7016
884,"H",1932,7027
885,"I",1932,7028
886,"N",1932,7043
887,"M",1932,7042
888,"J",1932,7027
889,"K",1932,7028
890,"L",1932,7043
891,"O",1932,7042
892,"A",1933,7009
893,"B",1933,7019
894,"C",1933,7017
895,"D",1933,7018
896,"E",1933,7031
897,"F",1933,7048
898,"G",1933,7049
899,"A",1934,1003
900,"B",1934,7007
901,"A",1935,1003
902,"B",1935,7015
903,"C",1935,7029
904,"D",1935,7043
905,"E",1935,7045
906,"F",1935,7046
907,"A",1936,7026
908,"B",1936,7040
909,"A",1937,7013
910,"B",1937,7026
911,"D",1937,7040
912,"C",1937,7041
913,"F",1937,7059
914,"E",1937,7041
915,"G",1937,7059
916,"A",1938,1003
917,"C",1938,7030
918,"B",1938,7029
919,"E",1938,7045
920,"D",1938,7029
921,"A",1939,7021
922,"B",1939,7020
923,"C",1939,7034
924,"D",1939,7033
925,"E",1939,7050
926,"A",1940,1005
927,"B",1940,7010
928,"C",1940,7022
929,"E",1940,7034
930,"D",1940,7033
931,"G",1940,7050
932,"F",1940,7033
933,"A",1941,7022
934,"B",1941,7021
935,"C",1941,7020
936,"D",1941,7035
937,"E",1941,7036
938,"F",1941,7053
939,"G",1941,7054
940,"A",1942,7015
941,"B",1942,7028
942,"C",1942,7027
943,"D",1942,7044
944,"A",1943,7010
945,"B",1943,7018
946,"C",1943,7019
947,"D",1943,7033
948,"E",1943,7050
949,"F",1943,7051
950,"A",1944,2502
951,"B",1944,7020
952,"C",1944,7034
953,"D",1944,7033
954,"E",1944,7051
955,"F",1944,7050
956,"A",1945,1006
957,"B",1945,7011
958,"C",1945,7022
959,"D",1945,7035
960,"E",1945,7054
961,"A",1946,7021
962,"B",1946,7039
963,"C",1946,7055
964,"D",1946,7056
965,"A",1947,7032
966,"B",1947,7049
967,"C",1947,7047
968,"A",1948,7008
969,"B",1948,7017
970,"C",1948,7018
971,"F",1948,7031
972,"E",1948,7032
973,"I",1948,7050
974,"G",1948,7048
975,"H",1948,7049
976,"D",1948,7031
977,"J",1948,7048
978,"K",1948,7049
979,"A",1949,7007
980,"B",1949,7016
981,"C",1949,7015
982,"D",1949,7015
983,"E",1949,7027
984,"F",1949,7028
985,"G",1949,7044
986,"H",1949,7043
987,"I",1949,7042
988,"J",1949,7044
989,"A",1951,7016
990,"C",1951,7027
991,"B",1951,7028
992,"E",1951,7042
993,"D",1951,7028
994,"A",1952,7050
995,"A",1953,7017
996,"B",1953,7047
997,"A",1954,7058
998,"A",1955,1005
999,"B",1955,7007
1000,"C",1955,7017
1001,"D",1955,7019
1002,"E",1955,7020
1003,"F",1955,7050
1004,"A",1956,7012
1005,"B",1956,7021
1006,"C",1956,7034
1007,"D",1956,7034
1008,"A",1957,7008
1009,"B",1957,7018
1010,"C",1957,7044
1011,"A",1958,1001
1012,"B",1958,7008
1013,"C",1958,7019
1014,"D",1958,7029
1015,"E",1958,7045
1016,"F",1958,7047
1017,"G",1958,7046
1018,"A",1959,2002
1019,"B",1959,1002
1020,"C",1959,1003
1021,"D",1959,7019
1022,"E",1959,7018
1023,"F",1959,7031
1024,"G",1959,7032
1025,"H",1959,7048
1026,"I",1959,7049
1027,"A",1960,7007
1028,"B",1960,7008
1029,"C",1960,7021
1030,"D",1960,7053
1031,"E",1960,7045
1032,"A",1961,1004
1033,"B",1961,2001
1034,"C",1961,1004
1035,"D",1961,7008
1036,"E",1961,7009
1037,"F",1961,7020
1038,"G",1961,7033
1039,"H",1961,7030
1040,"I",1961,7032
1041,"J",1961,7047
1042,"K",1961,7049
1043,"L",1961,7052
1044,"M",1961,7050
1045,"N",1961,7052
1046,"O",1961,7049
1047,"A",1962,1002
1048,"B",1962,1005
1049,"C",1962,1006
1050,"D",1962,7008
1051,"E",1962,7011
1052,"F",1962,7018
1053,"G",1962,7017
1054,"H",1962,7019
1055,"I",1962,7032
1056,"J",1962,7042
1057,"K",1962,7049
1058,"L",1962,7048
1059,"M",1962,7048
1060,"A",1963,1002
1061,"B",1963,1006
1062,"C",1963,7010
1063,"D",1963,7018
1064,"E",1963,7017
1065,"F",1963,7030
1066,"G",1963,7048
1067,"A",1964,1005
1068,"C",1964,1003
1069,"D",1964,2003
1070,"E",1964,1002
1071,"F",1964,1004
1072,"G",1964,7007
1073,"H",1964,7012
1074,"I",1964,7019
1075,"J",1964,7030
1076,"K",1964,7029
1077,"L",1964,7032
1078,"B",1964,1001
1079,"A",1965,7007
1080,"B",1965,7015
1081,"C",1965,7027
1082,"D",1965,7042
1083,"E",1965,7043
1084,"F",1965,7043
1085,"A",1966,1006
1086,"B",1966,7010
1087,"C",1966,7017
1088,"D",1966,7033
1089,"E",1966,7047
1090,"B",1967,2001
1091,"C",1967,1006
1092,"D",1967,7010
1093,"E",1967,7016
1094,"G",1967,7027
1095,"F",1967,7028
1096,"I",1967,7029
1097,"J",1967,7027
1098,"A",1967,8501
1099,"H",1967,7028
1100,"A",1968,1006
1101,"B",1968,1003
1102,"C",1968,7010
1103,"D",1968,7028
1104,"A",1969,1006
1105,"B",1969,7018
1106,"C",1969,7032
1107,"D",1969,7048
1108,"A",1970,1001
1109,"B",1970,1002
1110,"C",1970,7007
1111,"D",1970,7017
1112,"E",1970,7031
1113,"F",1970,7029
1114,"G",1970,7030
1115,"H",1970,7032
1116,"I",1970,7049
1117,"A",1971,1001
1118,"B",1971,1004
1119,"C",1971,2004
1120,"D",1971,1005
1121,"E",1971,1003
1122,"F",1971,7012
1123,"G",1971,7007
1124,"H",1971,7017
1125,"I",1971,7018
1126,"J",1971,7032
1127,"K",1971,7033
1128,"L",1971,7048
1129,"M",1971,7047
1130,"N",1971,7049
1131,"O",1971,7046
1132,"P",1971,7048
1133,"A",1972,7020
1134,"B",1972,7050
1135,"A",1973,7010
1136,"B",1973,7021
1137,"C",1973,7020
1138,"D",1973,7030
1139,"E",1973,7050
1140,"F",1973,7051
1141,"G",1973,7052
1142,"A",1974,7011
1143,"B",1974,7009
1144,"C",1974,7019
1145,"D",1974,7029
1146,"E",1974,7030
1147,"F",1974,7049
1148,"A",1975,2003
1149,"B",1975,1002
1150,"C",1975,1001
1151,"D",1975,7009
1152,"E",1975,7015
1153,"F",1975,7027
1154,"G",1975,7029
1155,"H",1975,7045
1156,"I",1975,7044
1157,"J",1975,7043
1158,"A",1976,1004
1159,"B",1976,1003
1160,"C",1976,7016
1161,"D",1976,7015
1162,"E",1976,7030
1163,"F",1976,7046
1164,"G",1976,7042
1165,"A",1977,7015
1166,"B",1977,7017
1167,"A",1978,1001
1168,"B",1978,1005
1169,"C",1978,7009
1170,"D",1978,7019
1171,"E",1978,7017
1172,"F",1978,7028
1173,"G",1978,7029
1174,"H",1978,7046
1175,"I",1978,7049
1176,"A",1979,2003
1177,"B",1979,7011
1178,"C",1979,7019
1179,"D",1979,7031
1180,"E",1979,7046
1181,"A",1980,2501
1182,"B",1980,7009
1183,"C",1980,7007
1184,"D",1980,7015
1185,"E",1980,7027
1186,"F",1980,7043
1187,"G",1980,7042
1188,"A",1981,7016
1189,"B",1981,7028
1190,"A",1982,7015
1191,"B",1982,7027
1192,"C",1982,7042
1193,"A",1983,1004
1194,"B",1983,1003
1195,"C",1983,7011
1196,"D",1983,7021
1197,"E",1983,7020
1198,"F",1983,7033
1199,"G",1983,7051
1200,"H",1983,7050
1201,"I",1983,7052
1202,"A",1984,1002
1203,"B",1984,7010
1204,"C",1984,7016
1205,"D",1984,7028
1206,"E",1984,7044
1207,"A",1985,1001
1208,"B",1985,7008
1209,"C",1985,7011
1210,"D",1985,7016
1211,"E",1985,7015
1212,"F",1985,7042
1213,"G",1985,7046
1214,"A",1986,1002
1215,"B",1986,1005
1216,"C",1986,1003
1217,"D",1986,2002
1218,"E",1986,1005
1219,"F",1986,1006
1220,"G",1986,1003
1221,"H",1986,7011
1222,"I",1986,7008
1223,"J",1986,7012
1224,"K",1986,7019
1225,"L",1986,7033
1226,"M",1986,7052
1227,"N",1986,7050
1228,"O",1986,7051
1229,"P",1986,7049
1230,"A",1987,2004
1231,"B",1987,1001
1232,"C",1987,1006
1233,"D",1987,7012
1234,"E",1987,7016
1235,"F",1987,7015
1236,"G",1987,7028
1237,"H",1987,7027
1238,"I",1987,7029
1239,"J",1987,7044
1240,"K",1987,7044
1241,"A",1988,7012
1242,"B",1988,7008
1243,"C",1988,7027
1244,"D",1988,7042
1245,"A",1989,7008
1246,"B",1989,7031
1247,"C",1989,7034
1248,"A",1990,2005
1249,"B",1990,1004
1250,"C",1990,7007
1251,"D",1990,7021
1252,"E",1990,7034
1253,"F",1990,7032
1254,"G",1990,7052
1255,"A",1991,7010
1256,"B",1991,7027
1257,"A",1992,1001
1258,"B",1992,1002
1259,"C",1992,1005
1260,"D",1992,1004
1261,"E",1992,1003
1262,"F",1992,7007
1263,"G",1992,7016
1264,"H",1992,7028
1265,"I",1992,7045
1266,"J",1992,7043
1267,"A",1993,7011
1268,"B",1993,7016
1269,"C",1993,7028
1270,"D",1993,7045
1271,"E",1993,7044
1272,"A",1994,7010
1273,"B",1994,7020
1274,"C",1994,7030
1275,"D",1994,7052
1276,"A",1995,1001
1277,"B",1995,1006
1278,"C",1995,7012
1279,"D",1995,7016
1280,"E",1995,7044
1281,"F",1995,7045
1282,"A",1996,1002
1283,"B",1996,1004
1284,"C",1996,7009
1285,"D",1996,7015
1286,"E",1996,7027
1287,"F",1996,7029
1288,"G",1996,7043
1289,"A",1997,1004
1290,"B",1997,7007
1291,"C",1997,7033
1292,"D",1997,7032
1293,"E",1997,7031
1294,"F",1997,7052
1295,"A",1998,7007
1296,"B",1998,7029
1297,"C",1998,7043
1298,"A",1999,1001
1299,"B",1999,1004
1300,"C",1999,7008
1301,"D",1999,7011
1302,"E",1999,7031
1303,"F",1999,7047
1304,"A",2000,1002
1305,"B",2000,1006
1306,"C",2000,7009
1307,"D",2000,7021
1308,"E",2000,7034
1309,"F",2000,7033
1310,"G",2000,7053
1311,"A",2001,1001
1312,"B",2001,1003
1313,"C",2001,7018
1314,"D",2001,7028
1315,"E",2001,7029
1316,"F",2001,7031
1317,"G",2001,7048
1318,"A",2002,7009
1319,"B",2002,7021
1320,"C",2002,7034
1321,"D",2002,7051
1322,"E",2002,7053
1323,"F",2002,7051
1324,"G",2002,7053
1325,"A",2003,1004
1326,"B",2003,7021
1327,"C",2003,7019
1328,"D",2003,7053
1329,"A",2004,1006
1330,"B",2004,1001
1331,"C",2004,1005
1332,"D",2004,1003
1333,"E",2004,7011
1334,"F",2004,7020
1335,"G",2004,7017
1336,"H",2004,7031
1337,"I",2004,7033
1338,"J",2004,7050
1339,"K",2004,7051
1340,"L",2004,7052
1341,"A",2005,1003
1342,"B",2005,7012
1343,"C",2005,7020
1344,"D",2005,7033
1345,"E",2005,7051
1346,"F",2005,7050
1347,"A",2006,1001
1348,"B",2006,7012
1349,"C",2006,7020
1350,"D",2006,7031
1351,"E",2006,7033
1352,"F",2006,7032
1353,"G",2006,7051
1354,"H",2006,7050
1355,"A",2007,7009
1356,"B",2007,7034
1357,"C",2007,7053
1358,"A",2008,7009
1359,"B",2008,7010
1360,"C",2008,7015
1361,"D",2008,7043
1362,"A",2009,7016
1363,"B",2009,7028
1364,"C",2009,7045
1365,"D",2009,7045
1366,"A",2010,1006
1367,"B",2010,7010
1368,"C",2010,7019
1369,"D",2010,7052
1370,"A",2011,1003
1371,"B",2011,7017
1372,"C",2011,7047
1373,"A",2012,2502
1374,"B",2012,7011
1375,"C",2012,7020
1376,"D",2012,7034
1377,"E",2012,7032
1378,"F",2012,7051
1379,"G",2012,7050
1380,"A",2013,1005
1381,"B",2013,7008
1382,"C",2013,7020
1383,"D",2013,7033
1384,"E",2013,7051
1385,"A",2014,7020
1386,"B",2014,7021
1387,"A",2015,1006
1388,"B",2015,1005
1389,"C",2015,7016
1390,"D",2015,7030
1391,"E",2015,7032
1392,"F",2015,7046
1393,"G",2015,7048
1394,"H",2015,7052
1395,"A",2016,1003
1396,"B",2016,7009
1397,"C",2016,7015
1398,"D",2016,7030
1399,"E",2016,7031
1400,"F",2016,7047
1401,"G",2016,7045
1402,"A",2017,7030
1403,"B",2017,7034
1404,"C",2017,7047
1405,"A",2018,7016
1406,"B",2018,7018
1407,"C",2018,7044
1408,"A",2020,7012
1409,"B",2020,7042
1410,"A",2021,7021
1411,"B",2021,7034
1412,"A",2022,1003
1413,"B",2022,7009
1414,"C",2022,7018
1415,"D",2022,7031
1416,"E",2022,7048
1417,"A",2023,1002
1418,"B",2023,1004
1419,"C",2023,7011
1420,"D",2023,7027
1421,"A",2024,7018
1422,"B",2024,7049
1423,"C",2024,7048
1424,"A",2026,1001
1425,"B",2026,7021
1426,"C",2026,7033
1427,"D",2026,7047
1428,"E",2026,7049
1429,"A",2027,1005
1430,"B",2027,7019
1431,"C",2027,7017
1432,"D",2027,7030
1433,"E",2027,7049
1434,"A",2028,7017
1435,"B",2028,7046
1436,"C",2028,7046
1437,"",2028,7046
1438,"A",2029,7029
1439,"A",2030,7012
1440,"B",2030,7010
1441,"C",2030,7018
1442,"D",2030,7021
1443,"E",2030,7034
1444,"F",2030,7053
1445,"G",2030,7053
1446,"A",2031,2005
1447,"B",2031,7012
1448,"C",2031,7045
1449,"A",2033,7007
1450,"B",2033,7008
1451,"C",2033,7011
1452,"D",2033,7015
1453,"E",2033,7027
1454,"F",2033,7028
1455,"H",2033,7042
1456,"G",2033,7042
1457,"A",2034,1005
1458,"B",2034,7018
1459,"C",2034,7031
1460,"A",2035,7047
1461,"B",2035,7046
1462,"A",2036,7044
1463,"B",2036,7044
1464,"A",2037,7042
1465,"A",2038,1501
1466,"B",2038,12
1467,"C",2038,16
1468,"D",2038,15
1469,"E",2038,22
1470,"F",2038,23
1471,"G",2038,24
1472,"H",2038,37
1473,"I",2038,36
1474,"A",2039,12
1475,"B",2039,20
1476,"C",2039,19
1477,"D",2039,21
1478,"E",2039,26
1479,"F",2039,33
1480,"G",2039,33
1481,"A",2040,14
1482,"B",2040,19
1483,"C",2040,21
1484,"D",2040,27
1485,"E",2040,33
1486,"A",2041,12
1487,"B",2041,23
1488,"C",2041,22
1489,"D",2041,30
1490,"E",2041,36
1491,"F",2041,37
1492,"A",2042,12
1493,"B",2042,13
1494,"C",2042,14
1495,"D",2042,17
1496,"E",2042,18
1497,"F",2042,19
1498,"G",2042,25
1499,"H",2042,32
1500,"A",2043,10
1501,"B",2043,13
1502,"C",2043,14
1503,"D",2043,20
1504,"E",2043,19
1505,"F",2043,28
1506,"G",2043,26
1507,"H",2043,27
1508,"I",2043,33
1509,"J",2043,34
1510,"A",2044,2004
1511,"B",2044,12
1512,"C",2044,15
1513,"D",2044,14
1514,"E",2044,16
1515,"F",2044,15
1516,"G",2044,23
1517,"H",2044,22
1518,"I",2044,24
1519,"J",2044,30
1520,"K",2044,31
1521,"L",2044,37
1522,"A",2045,11
1523,"B",2045,16
1524,"C",2045,24
1525,"D",2045,30
1526,"E",2045,29
1527,"F",2045,31
1528,"G",2045,36
1529,"H",2045,37
1530,"A",2046,19
1531,"A",2047,27
1532,"A",2048,13
1533,"B",2048,26
1534,"C",2048,27
1535,"D",2048,34
1536,"A",2049,16
1537,"B",2049,22
1538,"C",2049,24
1539,"D",2049,31
1540,"E",2049,37
1541,"A",2050,10
1542,"B",2050,16
1543,"C",2050,14
1544,"D",2050,15
1545,"E",2050,22
1546,"F",2050,23
1547,"G",2050,24
1548,"H",2050,31
1549,"I",2050,36
1550,"A",2051,2001
1551,"B",2051,2005
1552,"C",2051,11
1553,"D",2051,16
1554,"E",2051,24
1555,"F",2051,31
1556,"A",2052,10
1557,"C",2052,11
1558,"D",2052,12
1559,"E",2052,15
1560,"F",2052,23
1561,"G",2052,22
1562,"H",2052,24
1563,"I",2052,30
1564,"J",2052,29
1565,"K",2052,37
1566,"L",2052,35
1567,"B",2052,10
1568,"A",2053,2005
1569,"B",2053,11
1570,"C",2053,14
1571,"D",2053,21
1572,"E",2053,28
1573,"F",2053,29
1574,"G",2053,31
1575,"H",2053,35
1576,"A",2054,2004
1577,"B",2054,12
1578,"C",2054,14
1579,"D",2054,19
1580,"E",2054,20
1581,"F",2054,27
1582,"G",2054,28
1583,"H",2054,33
1584,"I",2054,34
1585,"J",2054,34
1586,"A",2055,1001
1587,"B",2055,11
1588,"C",2055,15
1589,"D",2055,16
1590,"E",2055,24
1591,"F",2055,21
1592,"G",2055,23
1593,"H",2055,29
1594,"I",2055,31
1595,"J",2055,36
1596,"K",2055,37
1597,"L",2055,36
1598,"A",2056,25
1599,"A",2057,15
1600,"B",2057,20
1601,"C",2057,29
1602,"D",2057,28
1603,"A",2058,13
1604,"B",2058,18
1605,"C",2058,17
1606,"D",2058,19
1607,"E",2058,26
1608,"F",2058,25
1609,"G",2058,33
1610,"A",2059,21
1611,"B",2059,29
1612,"C",2059,34
1613,"A",2060,2003
1614,"B",2060,15
1615,"C",2060,21
1616,"D",2060,30
1617,"E",2060,29
1618,"F",2060,35
1619,"A",2061,10
1620,"B",2061,12
1621,"C",2061,14
1622,"D",2061,13
1623,"E",2061,19
1624,"F",2061,18
1625,"G",2061,17
1626,"H",2061,27
1627,"I",2061,34
1628,"A",2062,19
1629,"B",2062,21
1630,"C",2062,30
1631,"D",2062,35
1632,"A",2063,2502
1633,"B",2063,16
1634,"C",2063,23
1635,"D",2063,28
1636,"E",2063,35
1637,"A",2064,16
1638,"B",2064,23
1639,"C",2064,36
1640,"A",2065,12
1641,"B",2065,22
1642,"C",2065,31
1643,"D",2065,30
1644,"E",2065,37
1645,"A",2066,10
1646,"B",2066,11
1647,"C",2066,13
1648,"D",2066,17
1649,"E",2066,18
1650,"F",2066,25
1651,"G",2066,26
1652,"H",2066,32
1653,"A",2067,2501
1654,"B",2067,16
1655,"C",2067,24
1656,"D",2067,23
1657,"E",2067,22
1658,"F",2067,30
1659,"G",2067,31
1660,"H",2067,36
1661,"I",2067,37
1662,"J",2067,36
1663,"A",2068,13
1664,"B",2068,17
1665,"C",2068,18
1666,"D",2068,26
1667,"E",2068,32
1668,"F",2068,33
1669,"A",2069,2501
1670,"B",2069,16
1671,"C",2069,22
1672,"D",2069,31
1673,"E",2069,29
1674,"F",2069,30
1675,"G",2069,37
1676,"H",2069,36
1677,"A",2070,14
1678,"B",2070,25
1679,"C",2070,32
1680,"D",2070,32
1681,"A",2071,1501
1682,"B",2071,1003
1683,"C",2071,2502
1684,"D",2071,14
1685,"E",2071,13
1686,"F",2071,19
1687,"G",2071,20
1688,"H",2071,21
1689,"I",2071,27
1690,"J",2071,26
1691,"K",2071,32
1692,"A",2072,1005
1693,"B",2072,10
1694,"C",2072,13
1695,"D",2072,18
1696,"E",2072,27
1697,"A",2073,18
1698,"B",2073,17
1699,"C",2073,25
1700,"A",2074,15
1701,"B",2074,20
1702,"C",2074,28
1703,"D",2074,35
1704,"A",2075,15
1705,"B",2075,23
1706,"A",2076,17
1707,"D",2076,32
1708,"C",2076,33
1709,"B",2076,32
1710,"A",2077,11
1711,"B",2077,13
1712,"C",2077,17
1713,"D",2077,18
1714,"E",2077,25
1715,"F",2077,34
1716,"A",2078,17
1717,"B",2078,25
1718,"A",2079,1001
1719,"B",2079,2003
1720,"C",2079,10
1721,"D",2079,11
1722,"E",2079,14
1723,"F",2079,21
1724,"G",2079,17
1725,"H",2079,18
1726,"I",2079,25
1727,"J",2079,28
1728,"K",2079,27
1729,"L",2079,33
1730,"M",2079,34
1731,"A",2080,21
1732,"B",2080,20
1733,"C",2080,35
1734,"A",2081,18
1735,"B",2081,17
1736,"C",2081,32
1737,"A",2082,20
1738,"B",2082,25
1739,"C",2082,27
1740,"D",2082,33
1741,"A",2083,13
1742,"B",2083,18
1743,"C",2083,17
1744,"D",2083,26
1745,"E",2083,25
1746,"F",2083,32
1747,"A",2084,2502
1748,"B",2084,30
1749,"C",2084,29
1750,"D",2084,28
1751,"E",2084,35
1752,"A",2085,15
1753,"B",2085,24
1754,"C",2085,30
1755,"A",2086,11
1756,"B",2086,18
1757,"C",2086,25
1758,"D",2086,32
1759,"A",2087,14
1760,"B",2087,21
1761,"C",2087,19
1762,"D",2087,20
1763,"E",2087,26
1764,"F",2087,28
1765,"G",2087,27
1766,"H",2087,35
1767,"I",2087,33
1768,"A",2088,2501
1769,"B",2088,15
1770,"C",2088,16
1771,"D",2088,20
1772,"E",2088,28
1773,"F",2088,29
1774,"G",2088,35
1775,"A",2089,11
1776,"B",2089,13
1777,"C",2089,19
1778,"D",2089,20
1779,"E",2089,28
1780,"F",2089,27
1781,"G",2089,34
1782,"A",2090,11
1783,"B",2090,22
1784,"C",2090,26
1785,"D",2090,28
1786,"F",2090,35
1787,"E",2090,34
1788,"G",2090,34
1789,"A",2091,31
1790,"B",2091,37
1791,"C",2091,36
1792,"A",2092,22
1793,"B",2092,24
1794,"C",2092,30
1795,"D",2092,29
1796,"A",2093,26
1797,"A",2094,31
1798,"A",2095,9013
1799,"B",2095,29
1800,"C",2095,30
1801,"D",2095,34
1802,"E",2095,36
1803,"A",2096,9002
1804,"B",2096,9012
1805,"C",2096,9011
1806,"D",2096,24
1807,"E",2096,30
1808,"F",2096,29
1809,"G",2096,9035
1810,"H",2096,9034
1811,"I",2096,9045
1812,"J",2096,9044
1813,"K",2096,9048
1814,"A",2097,9002
1815,"B",2097,12
1816,"C",2097,9006
1817,"D",2097,17
1818,"E",2097,18
1819,"F",2097,28
1820,"G",2097,25
1821,"H",2097,26
1822,"I",2097,27
1823,"J",2097,32
1824,"K",2097,35
1825,"L",2097,36
1826,"A",2098,1001
1827,"B",2098,2502
1828,"C",2098,12
1829,"D",2098,13
1830,"E",2098,17
1831,"F",2098,25
1832,"G",2098,28
1833,"H",2098,32
1834,"I",2098,35
1835,"J",2098,33
1836,"A",2099,17
1837,"B",2099,26
1838,"C",2099,28
1839,"D",2099,32
1840,"E",2099,33
1841,"F",2099,35
1842,"A",2100,9002
1843,"B",2100,9006
1844,"C",2100,9013
1845,"D",2100,18
1846,"E",2100,17
1847,"F",2100,19
1848,"G",2100,20
1849,"H",2100,32
1850,"A",2101,12
1851,"B",2101,15
1852,"C",2101,17
1853,"D",2101,25
1854,"E",2101,33
1855,"A",2102,2003
1856,"B",2102,2004
1857,"C",2102,9002
1858,"D",2102,9001
1859,"E",2102,9005
1860,"F",2102,14
1861,"G",2102,23
1862,"H",2102,20
1863,"I",2102,22
1864,"J",2102,19
1865,"K",2102,21
1866,"L",2102,26
1867,"M",2102,27
1868,"N",2102,28
1869,"O",2102,9033
1870,"P",2102,30
1871,"Q",2102,31
1872,"R",2102,25
1873,"S",2102,9032
1874,"T",2102,29
1875,"U",2102,9044
1876,"V",2102,37
1877,"",1830,62
1878,"X",1830,65
1879,"R",1830,65
1880,"Q",1830,57
1881,"V",1830,65
1882,"P",1830,65
1883,"T",1830,58
1884,"S",1830,62
1885,"O",1830,65
1886,"W",1830,65
1887,"U",1830,65
1888,"I",1831,54
1889,"",1831,59
1890,"K",1831,54
1891,"M",1831,54
1892,"H",1831,59
1893,"L",1831,64
1894,"N",1831,54
1895,"S",1831,59
1896,"T",1831,58
1897,"J",1831,46
1898,"A",2103,9001
1899,"B",2103,12
1900,"C",2103,23
1901,"D",2103,9033
1902,"E",2103,9032
1903,"A",2104,9006
1904,"B",2104,9005
1905,"C",2104,12
1906,"D",2104,13
1907,"E",2104,17
1908,"F",2104,19
1909,"G",2104,18
1910,"H",2104,27
1911,"I",2104,25
1912,"J",2104,26
1913,"K",2104,36
1914,"A",2105,18
1915,"B",2105,19
1916,"C",2105,25
1917,"D",2105,26
1918,"E",2105,33
1919,"A",2106,9011
1920,"B",2106,15
1921,"C",2106,21
1922,"D",2106,9032
1923,"E",2106,37
1924,"F",2106,34
1925,"A",2107,1002
1926,"B",2107,1004
1927,"C",2107,1003
1928,"D",2107,2005
1929,"E",2107,2003
1930,"F",2107,9001
1931,"G",2107,12
1932,"H",2107,11
1933,"I",2107,9005
1934,"J",2107,13
1935,"K",2107,16
1936,"L",2107,17
1937,"M",2107,27
1938,"N",2107,9033
1939,"O",2107,29
1940,"P",2107,31
1941,"Q",2107,35
1942,"R",2107,9045
1943,"S",2107,32
1944,"T",2107,37
1945,"A",2108,2502
1946,"B",2108,9013
1947,"C",2108,9012
1948,"D",2108,13
1949,"E",2108,17
1950,"F",2108,20
1951,"G",2108,26
1952,"H",2108,27
1953,"I",2108,28
1954,"J",2108,25
1955,"K",2108,34
1956,"L",2108,32
1957,"M",2108,33
1958,"N",2108,35
1959,"A",2109,9012
1960,"B",2109,9023
1961,"C",2109,24
1962,"D",2109,9034
1963,"E",2109,9047
1964,"A",2110,13
1965,"B",2110,14
1966,"C",2110,9024
1967,"D",2110,9022
1968,"E",2110,29
1969,"F",2110,9037
1970,"G",2110,9047
1971,"A",2111,1006
1972,"B",2111,2002
1973,"C",2111,9006
1974,"D",2111,9005
1975,"E",2111,16
1976,"F",2111,15
1977,"G",2111,9011
1978,"H",2111,24
1979,"I",2111,9037
1980,"J",2111,9036
1981,"K",2111,9049
1982,"L",2111,9046
1983,"M",2111,9047
1984,"A",2112,1001
1985,"B",2112,2004
1986,"C",2112,9002
1987,"D",2112,9005
1988,"E",2112,12
1989,"F",2112,24
1990,"G",2112,22
1991,"H",2112,23
1992,"I",2112,21
1993,"J",2112,9032
1994,"K",2112,31
1995,"L",2112,29
1996,"M",2112,30
1997,"N",2112,9033
1998,"O",2112,9045
1999,"P",2112,37
2000,"Q",2112,9044
2001,"A",2113,9001
2002,"B",2113,14
2003,"C",2113,24
2004,"D",2113,22
2005,"E",2113,23
2006,"F",2113,9033
2007,"G",2113,9034
2008,"H",2113,9035
2009,"I",2113,9044
2010,"A",2114,2003
2011,"B",2114,9006
2012,"C",2114,9012
2013,"D",2114,9011
2014,"E",2114,9022
2015,"F",2114,9024
2016,"G",2114,9023
2017,"H",2114,9036
2018,"I",2114,9037
2019,"J",2114,9047
2020,"K",2114,9046
2021,"A",2115,21
2022,"B",2115,31
2023,"C",2115,35
2024,"D",2115,36
2025,"A",2116,9002
2026,"B",2116,11
2027,"C",2116,12
2028,"D",2116,13
2029,"E",2116,19
2030,"F",2116,21
2031,"G",2116,20
2032,"H",2116,30
2033,"I",2116,9032
2034,"J",2116,37
2035,"A",2117,9012
2036,"B",2117,9024
2037,"C",2117,9037
2038,"D",2117,9049
2039,"A",2118,9001
2040,"B",2118,9002
2041,"C",2118,11
2042,"D",2118,9012
2043,"E",2118,15
2044,"F",2118,9024
2045,"G",2118,9023
2046,"H",2118,9022
2047,"I",2118,9035
2048,"J",2118,9048
2049,"K",2118,9049
2050,"A",2119,9011
2051,"B",2119,13
2052,"C",2119,17
2053,"D",2119,9032
2054,"E",2119,34
2055,"F",2119,35
2056,"A",2120,9005
2057,"B",2120,15
2058,"C",2120,24
2059,"D",2120,9022
2060,"E",2120,9023
2061,"F",2120,9024
2062,"G",2120,9048
2063,"H",2120,9046
2064,"A",2121,2001
2065,"B",2121,9001
2066,"C",2121,9005
2067,"D",2121,9011
2068,"E",2121,9022
2069,"F",2121,9023
2070,"G",2121,9035
2071,"H",2121,9036
2072,"I",2121,9034
2073,"J",2121,9037
2074,"K",2121,9037
2075,"L",2121,9047
2076,"M",2121,9048
2077,"N",2121,9049
2078,"A",2122,9013
2079,"B",2122,9022
2080,"C",2122,24
2081,"D",2122,31
2082,"E",2122,37
2083,"F",2122,9047
2084,"A",2123,9001
2085,"B",2123,13
2086,"C",2123,9033
2087,"D",2123,9032
2088,"E",2123,37
2089,"F",2123,9044
2090,"A",2124,2001
2091,"B",2124,9002
2092,"C",2124,9006
2093,"D",2124,9012
2094,"E",2124,9011
2095,"F",2124,21
2096,"G",2124,23
2097,"H",2124,22
2098,"I",2124,31
2099,"J",2124,9045
2100,"K",2124,9044
2101,"L",2124,34
2102,"A",2125,2002
2103,"B",2125,9001
2104,"C",2125,12
2105,"D",2125,9006
2106,"E",2125,15
2107,"F",2125,16
2108,"G",2125,9023
2109,"H",2125,9024
2110,"I",2125,9036
2111,"J",2125,9046
2112,"A",2126,12
2113,"B",2126,14
2114,"C",2126,13
2115,"D",2126,22
2116,"E",2126,31
2117,"F",2126,34
2118,"A",2127,9002
2119,"B",2127,9001
2120,"C",2127,9006
2121,"D",2127,11
2122,"E",2127,9013
2123,"F",2127,29
2124,"G",2127,28
2125,"H",2127,27
2126,"I",2127,31
2127,"J",2127,26
2128,"K",2127,34
2129,"L",2127,35
2130,"A",2128,1003
2131,"B",2128,1003
2132,"C",2128,2502
2133,"D",2128,11
2134,"E",2128,12
2135,"F",2128,9011
2136,"G",2128,18
2137,"H",2128,21
2138,"I",2128,9022
2139,"J",2128,9032
2140,"K",2128,31
2141,"L",2128,30
2142,"M",2128,29
2143,"N",2128,36
2144,"A",2129,22
2145,"A",2130,9006
2146,"B",2130,13
2147,"C",2130,9012
2148,"D",2130,19
2149,"E",2130,9033
2150,"F",2130,9032
2151,"G",2130,36
2152,"H",2130,34
2153,"A",2131,2004
2154,"B",2131,2005
2155,"C",2131,15
2156,"D",2131,9011
2157,"E",2131,16
2158,"F",2131,9024
2159,"G",2131,9037
2160,"H",2131,9036
2161,"I",2131,9049
2162,"J",2131,9048
2163,"A",2132,9011
2164,"B",2132,9036
2165,"C",2132,9046
2166,"D",2132,9049
2167,"E",2132,9047
2168,"F",2132,9048
2169,"A",2133,9002
2170,"B",2133,16
2171,"C",2133,15
2172,"D",2133,14
2173,"E",2133,19
2174,"F",2133,23
2175,"G",2133,9022
2176,"H",2133,24
2177,"I",2133,18
2178,"J",2133,27
2179,"K",2133,36
2180,"A",2134,9006
2181,"B",2134,15
2182,"C",2134,19
2183,"D",2134,25
2184,"E",2134,26
2185,"F",2134,27
2186,"G",2134,28
2187,"H",2134,33
2188,"A",2135,13
2189,"B",2135,9013
2190,"C",2135,9012
2191,"D",2135,21
2192,"E",2135,23
2193,"F",2135,30
2194,"G",2135,9032
2195,"H",2135,9044
2196,"I",2135,37
2197,"J",2135,9045
2198,"A",2136,15
2199,"B",2136,9022
2200,"C",2136,24
2201,"D",2136,9024
2202,"E",2136,9036
2203,"F",2136,9048
2204,"G",2136,9046
2205,"A",2137,9005
2206,"B",2137,14
2207,"C",2137,18
2208,"D",2137,19
2209,"E",2137,26
2210,"F",2137,35
2211,"G",2137,36
2212,"A",2138,1002
2213,"B",2138,2005
2214,"C",2138,9001
2215,"D",2138,9005
2216,"E",2138,11
2217,"F",2138,9013
2218,"G",2138,22
2219,"H",2138,20
2220,"I",2138,21
2221,"J",2138,23
2222,"K",2138,9033
2223,"L",2138,31
2224,"M",2138,30
2225,"N",2138,36
2226,"O",2138,9044
2227,"P",2138,33
2228,"A",2139,9005
2229,"B",2139,22
2230,"C",2139,21
2231,"D",2139,29
2232,"E",2139,9044
2233,"A",2140,19
2234,"B",2140,18
2235,"C",2140,26
2236,"D",2140,32
2237,"E",2140,33
2238,"A",2141,15
2239,"B",2141,9013
2240,"C",2141,19
2241,"D",2141,25
2242,"E",2141,32
2243,"F",2141,33
2244,"A",2142,13
2245,"B",2142,21
2246,"C",2142,20
2247,"D",2142,29
2248,"E",2142,30
2249,"F",2142,37
2250,"A",2143,9013
2251,"B",2143,20
2252,"C",2143,27
2253,"D",2143,28
2254,"A",2144,9011
2255,"B",2144,9022
2256,"C",2144,9037
2257,"D",2144,9036
2258,"E",2144,9046
2259,"A",2145,9006
2260,"B",2145,9011
2261,"C",2145,9033
2262,"D",2145,29
2263,"A",2146,9024
2264,"B",2146,9034
2265,"C",2146,9035
2266,"D",2146,9036
2267,"E",2146,9049
2268,"A",2147,16
2269,"B",2147,9023
2270,"C",2147,9034
2271,"A",2148,16
2272,"B",2148,20
2273,"C",2148,17
2274,"D",2148,25
2275,"E",2148,27
2276,"F",2148,32
2277,"A",2149,11
2278,"B",2149,9013
2279,"C",2149,22
2280,"D",2149,9033
2281,"E",2149,9045
2282,"A",2150,11
2283,"B",2150,14
2284,"C",2150,16
2285,"D",2150,28
2286,"E",2150,25
2287,"A",2151,16
2288,"B",2151,20
2289,"C",2151,17
2290,"D",2151,27
2291,"E",2151,26
2292,"A",2152,14
2293,"B",2152,22
2294,"C",2152,30
2295,"D",2152,9045
2296,"A",2153,9012
2297,"B",2153,20
2298,"C",2153,25
2299,"D",2153,27
2300,"E",2153,32
2301,"F",2153,33
2302,"A",2154,9006
2303,"B",2154,15
2304,"C",2154,22
2305,"D",2154,30
2306,"E",2154,29
2307,"F",2154,9044
2308,"A",2155,9037
2309,"B",2155,9034
2310,"A",2156,12
2311,"B",2156,11
2312,"C",2156,16
2313,"D",2156,21
2314,"E",2156,31
2315,"F",2156,37
2316,"A",2157,14
2317,"B",2157,9013
2318,"C",2157,18
2319,"D",2157,9035
2320,"E",2157,9045
2321,"A",2158,9005
2322,"B",2158,9012
2323,"C",2158,9024
2324,"D",2158,9023
2325,"A",2159,23
2326,"B",2159,22
2327,"C",2159,24
2328,"D",2159,9034
2329,"E",2159,9035
2330,"F",2159,9045
2331,"G",2159,9048
2332,"A",2160,9001
2333,"B",2160,11
2334,"C",2160,9013
2335,"D",2160,14
2336,"E",2160,20
2337,"F",2160,28
2338,"G",2160,26
2339,"H",2160,35
2340,"A",2161,14
2341,"B",2161,23
2342,"C",2161,9032
2343,"D",2161,9033
2344,"E",2161,34
2345,"A",2162,18
2346,"A",2163,9023
2347,"B",2163,9024
2348,"C",2163,9035
2349,"D",2163,9037
2350,"E",2163,9048
2351,"A",2164,9023
2352,"B",2164,9034
2353,"C",2164,9036
2354,"D",2164,9049
2355,"E",2164,9048
2356,"A",2165,9012
2357,"B",2165,9022
2358,"C",2165,24
2359,"D",2165,9034
2360,"E",2165,9035
2361,"F",2165,9047
2362,"G",2165,9046
2363,"A",2166,16
2364,"B",2166,9023
2365,"C",2166,9036
2366,"D",2166,9046
2367,"E",2166,9047
2368,"A",2167,9049
2369,"A",2168,11
2370,"B",2168,23
2371,"C",2168,9032
2372,"D",2168,9033
2373,"A",2169,9001
2374,"B",2169,9005
2375,"C",2169,18
2376,"D",2169,19
2377,"E",2169,20
2378,"F",2169,28
2379,"G",2169,34
2380,"H",2169,33
2381,"I",2169,35
2382,"J",2169,32
2383,"K",2169,36
2384,"A",2170,24
2385,"B",2170,9035
2386,"C",2170,9034
2387,"D",2170,9047
2388,"A",2171,16
2389,"B",2171,9036
2390,"C",2171,9046
2391,"A",2172,9023
2392,"B",2172,9037
2393,"C",2172,9049
2394,"A",2173,18
2395,"B",2173,17
2396,"C",2173,28
2397,"A",2174,14
2398,"B",2174,23
2399,"C",2174,30
2400,"D",2174,9035
2401,"E",2174,31
2402,"F",2174,37
2403,"G",2174,9045
2404,"A",2175,9022
2405,"B",2175,9035
2406,"C",2175,9037
2407,"D",2175,9046
2408,"A",2176,9024
2409,"B",2176,9034
2410,"C",2176,9048
2411,"D",2176,9049
2412,"E",2176,9047
2413,"A",2177,1004
2414,"A",2179,1005
2415,"A",2186,1002
2416,"A",2195,1003
2417,"A",2201,1005
2418,"A",2207,1001
2419,"B",2207,1006
2420,"A",2209,1006
2421,"A",2219,1001
2422,"A",2225,1001
2423,"A",2230,1003
2424,"A",2231,1002
2425,"B",2231,1501
2426,"A",2242,1003
2427,"A",2246,1001
2428,"A",2257,1001
2429,"A",2258,1002
2430,"B",2258,1004
2431,"A",2271,1006
2432,"A",2284,1005
2433,"B",2284,1005
2434,"A",2288,1001
2435,"A",2300,1002
2436,"B",2300,1005
2437,"C",2300,1006
2438,"A",2302,1003
2439,"B",2304,1004
2440,"A",2304,1004
2441,"A",2305,1004
2442,"A",2331,1003
2443,"A",2341,1002
2444,"A",2342,1001
2445,"B",2342,1004
2446,"C",2342,1006
2447,"A",2362,1003
2448,"B",2362,1005
2449,"C",2362,1003
2450,"L",1832,64
2451,"M",1850,63
